-- Sample data for categories
INSERT INTO northwind.categories (category_id, category_name, description, picture) VALUES
    (1, 'Beverages', 'Soft drinks, coffees, teas, beers, and ales', '\x'),
    (2, 'Condiments', 'Sweet and savory sauces, relishes, spreads, and seasonings', '\x'),
    (3, 'Confections', 'Desserts, candies, and sweet breads', '\x'),
    (4, 'Dairy Products', 'Cheeses', '\x'),
    (5, 'Grains/Cereals', 'Breads, crackers, pasta, and cereal', '\x'),
    (6, 'Meat/Poultry', 'Prepared meats', '\x'),
    (7, 'Produce', 'Dried fruit and bean curd', '\x'),
    (8, 'Seafood', 'Seaweed and fish', '\x');

-- (No sample data for CustomerDemographics or CustomerCustomerDemo tables – they are empty in the official dataset:contentReference[oaicite:8]{index=8})

-- Sample data for customers (selected entries)
INSERT INTO northwind.customers (customer_id, company_name, contact_name, contact_title, address, city, region, postal_code, country, phone, fax) VALUES
    ('ALFKI', 'Alfreds Futterkiste', 'Maria Anders', 'Sales Representative', 'Obere Str. 57', 'Berlin', NULL, '12209', 'Germany', '030-0074321', '030-0076545'),
    ('CHOPS', 'Chop-suey Chinese', 'Yang Wang', 'Owner', 'Hauptstr. 29', 'Bern', NULL, '3012', 'Switzerland', '0452-076545', NULL),
    ('CENTC', 'Centro comercial Moctezuma', 'Francisco Chang', 'Marketing Manager', 'Sierras de Granada 9993', 'México D.F.', NULL, '05022', 'Mexico', '(5) 555-3392', '(5) 555-7293'),
    ('ERNSH', 'Ernst Handel', 'Roland Mendel', 'Sales Manager', 'Kirchgasse 6', 'Graz', NULL, '8010', 'Austria', '7675-3425', '7675-3426'),
    ('HANAR', 'Hanari Carnes', 'Mario Pontes', 'Accounting Manager', 'Rua do Paço, 67', 'Rio de Janeiro', 'RJ', '05454-876', 'Brazil', '(21) 555-0091', '(21) 555-8765'),
    ('HILAA', 'HILARION-Abastos', 'Carlos Hernández', 'Sales Representative', 'Carrera 22 con Ave. Carlos Soublette #8-35', 'San Cristóbal', 'Táchira', '5022', 'Venezuela', '(5) 555-1340', '(5) 555-1948'),
    ('OTTIK', 'Ottilies Käseladen', 'Henriette Pfalzheim', 'Owner', 'Mehrheimerstr. 369', 'Köln', NULL, '50739', 'Germany', '0221-0644327', '0221-0765721'),
    ('RICSU', 'Richter Supermarkt', 'Michael Holz', 'Sales Manager', 'Grenzacherweg 237', 'Genève', NULL, '1203', 'Switzerland', '0897-034214', NULL),
    ('SUPRD', 'Suprêmes délices', 'Pascale Cartrain', 'Accounting Manager', 'Boulevard Tirou, 255', 'Charleroi', NULL, 'B-6000', 'Belgium', '(071) 23 67 22 20', '(071) 23 67 22 21'),
    ('TOMSP', 'Toms Spezialitäten', 'Karin Josephs', 'Marketing Manager', 'Luisenstr. 48', 'Münster', NULL, '44087', 'Germany', '0251-031259', '0251-035695'),
    ('VICTE', 'Victuailles en stock', 'Mary Saveley', 'Sales Agent', '2, rue du Commerce', 'Lyon', NULL, '69004', 'France', '78.32.54.86', '78.32.54.87'),
    ('VINET', 'Vins et alcools Chevalier', 'Paul Henriot', 'Accounting Manager', '59 rue de l''Abbaye', 'Reims', NULL, '51100', 'France', '26.47.15.10', '26.47.15.11'),
    ('WELLI', 'Wellington Importadora', 'Paula Parente', 'Sales Manager', 'Rua do Mercado, 12', 'Resende', 'SP', '08737-363', 'Brazil', '(14) 555-8122', NULL);

-- Sample data for employees
INSERT INTO northwind.employees (employee_id, last_name, first_name, title, title_of_courtesy, birth_date, hire_date, address, city, region, postal_code, country, home_phone, extension, photo, notes, reports_to, photo_path) VALUES
    (1, 'Davolio', 'Nancy', 'Sales Representative', 'Ms.', '1948-12-08', '1992-05-01', '507 - 20th Ave. E. Apt. 2A', 'Seattle', 'WA', '98122', 'USA', '(206) 555-9857', '5467', NULL, 'Education includes a BA in psychology from Colorado State University in 1970. She also completed The Art of the Cold Call. Nancy is a member of Toastmasters International.', 2, 'http://accweb/emmployees/davolio.bmp'),
    (2, 'Fuller', 'Andrew', 'Vice President, Sales', 'Dr.', '1952-02-19', '1992-08-14', '908 W. Capital Way', 'Tacoma', 'WA', '98401', 'USA', '(206) 555-9482', '3457', NULL, 'Andrew received his BTS commercial in 1974 and a Ph.D. in international marketing from the University of Dallas in 1981. He is fluent in French and Italian and reads German. He joined the company as a sales representative, was promoted to sales manager in January 1992 and to vice president of sales in March 1993. Andrew is a member of the Sales Management Roundtable, the Seattle Chamber of Commerce, and the Pacific Rim Importers Association.', NULL, 'http://accweb/emmployees/fuller.bmp'),
    (3, 'Leverling', 'Janet', 'Sales Representative', 'Ms.', '1963-08-30', '1992-04-01', '722 Moss Bay Blvd.', 'Kirkland', 'WA', '98033', 'USA', '(206) 555-3412', '3355', NULL, 'Janet has a BS degree in chemistry from Boston College (1984). She has also completed a certificate program in food retailing management. Janet was hired as a sales associate in 1991 and promoted to sales representative in February 1992.', 2, 'http://accweb/emmployees/leverling.bmp'),
    (4, 'Peacock', 'Margaret', 'Sales Representative', 'Mrs.', '1937-09-19', '1993-05-03', '4110 Old Redmond Rd.', 'Redmond', 'WA', '98052', 'USA', '(206) 555-8122', '5176', NULL, 'Margaret holds a BA in English literature from Concordia College (1958) and an MA from the American Institute of Culinary Arts (1966). She was assigned to the London office temporarily from July through November 1992.', 2, 'http://accweb/emmployees/peacock.bmp'),
    (5, 'Buchanan', 'Steven', 'Sales Manager', 'Mr.', '1955-03-04', '1993-10-17', '14 Garrett Hill', 'London', NULL, 'SW1 8JR', 'UK', '(71) 555-4848', '3453', NULL, 'Steven Buchanan graduated from St. Andrews University, Scotland, with a BSC degree in 1976. Upon joining the company as a sales representative in 1992, he spent 6 months in an orientation program at the Seattle office and then returned to his permanent post in London. He was promoted to sales manager in March 1993. Mr. Buchanan has completed the courses Successful Telemarketing and International Sales Management. He is fluent in French.', 2, 'http://accweb/emmployees/buchanan.bmp'),
    (6, 'Suyama', 'Michael', 'Sales Representative', 'Mr.', '1963-07-02', '1993-10-17', 'Coventry House Miner Rd.', 'London', NULL, 'EC2 7JR', 'UK', '(71) 555-7773', '428', NULL, 'Michael is a graduate of Sussex University (MA, economics, 1983) and the University of California at Los Angeles (MBA, marketing, 1986). He has also taken the courses Multi-Cultural Selling and Time Management for the Sales Professional. He is fluent in Japanese and can read and write French, Portuguese, and Spanish.', 5, 'http://accweb/emmployees/davolio.bmp'),
    (7, 'King', 'Robert', 'Sales Representative', 'Mr.', '1960-05-29', '1994-01-02', 'Edgeham Hollow Winchester Way', 'London', NULL, 'RG1 9SP', 'UK', '(71) 555-5598', '465', NULL, 'Robert King served in the Peace Corps and traveled extensively before completing his degree in English at the University of Michigan in 1992, the year he joined the company. After completing a course entitled Selling in Europe, he was transferred to the London office in March 1993.', 5, 'http://accweb/emmployees/davolio.bmp'),
    (8, 'Callahan', 'Laura', 'Inside Sales Coordinator', 'Ms.', '1958-01-09', '1994-03-05', '4726 - 11th Ave. N.E.', 'Seattle', 'WA', '98105', 'USA', '(206) 555-1189', '2344', NULL, 'Laura received a BA in psychology from the University of Washington. She has also completed a course in business French. She reads and writes French.', 2, 'http://accweb/emmployees/davolio.bmp'),
    (9, 'Dodsworth', 'Anne', 'Sales Representative', 'Ms.', '1966-01-27', '1994-11-15', '7 Houndstooth Rd.', 'London', NULL, 'WG2 7LT', 'UK', '(71) 555-4444', '452', NULL, 'Anne has a BA degree in English from St. Lawrence College. She is fluent in French and German.', 5, 'http://accweb/emmployees/davolio.bmp');

-- Sample data for suppliers
INSERT INTO northwind.suppliers (supplier_id, company_name, contact_name, contact_title, address, city, region, postal_code, country, phone, fax, homepage) VALUES
    (1, 'Exotic Liquids', 'Charlotte Cooper', 'Purchasing Manager', '49 Gilbert St.', 'London', NULL, 'EC1 4SD', 'UK', '(171) 555-2222', NULL, NULL),
    (2, 'New Orleans Cajun Delights', 'Shelley Burke', 'Order Administrator', 'P.O. Box 78934', 'New Orleans', 'LA', '70117', 'USA', '(100) 555-4822', NULL, '#CAJUN.HTM#'),
    (3, 'Grandma Kelly''s Homestead', 'Regina Murphy', 'Sales Representative', '707 Oxford Rd.', 'Ann Arbor', 'MI', '48104', 'USA', '(313) 555-5735', '(313) 555-3349', NULL),
    (4, 'Tokyo Traders', 'Yoshi Nagase', 'Marketing Manager', '9-8 Sekimai Musashino-shi', 'Tokyo', NULL, '100', 'Japan', '(03) 3555-5011', NULL, NULL),
    (5, 'Cooperativa de Quesos "Las Cabras"', 'Antonio del Valle Saavedra', 'Export Administrator', 'Calle del Rosal 4', 'Oviedo', 'Asturias', '33007', 'Spain', '(98) 598 76 54', NULL, NULL),
    (6, 'Mayumi''s', 'Mayumi Ohno', 'Marketing Representative', '92 Setsuko Chuo-ku', 'Osaka', NULL, '545', 'Japan', '(06) 431-7877', NULL, 'Mayumi''s (on the World Wide Web)#http://www.microsoft.com/accessdev/sampleapps/mayumi.htm#'),
    (7, 'Pavlova, Ltd.', 'Ian Devling', 'Marketing Manager', '74 Rose St. Moonie Ponds', 'Melbourne', 'Victoria', '3058', 'Australia', '(03) 444-2343', '(03) 444-6588', NULL),
    (8, 'Specialty Biscuits, Ltd.', 'Peter Wilson', 'Sales Representative', '29 King''s Way', 'Manchester', NULL, 'M14 GSD', 'UK', '(161) 555-4448', NULL, NULL),
    (9, 'PB Knäckebröd AB', 'Lars Peterson', 'Sales Agent', 'Kaloadagatan 13', 'Göteborg', NULL, 'S-345 67', 'Sweden', '031-987 65 43', '031-987 65 91', NULL),
    (10, 'Refrescos Americanas LTDA', 'Carlos Diaz', 'Marketing Manager', 'Av. das Americanas 12.890', 'Sao Paulo', NULL, '5442', 'Brazil', '(11) 555 4640', NULL, NULL),
    (11, 'Heli Süßwaren GmbH & Co. KG', 'Petra Winkler', 'Sales Manager', 'Tiergartenstraße 5', 'Berlin', NULL, '10785', 'Germany', '(010) 9984510', NULL, NULL),
    (12, 'Plutzer Lebensmittelgroßmärkte AG', 'Martin Bein', 'International Marketing Mgr.', 'Bogenallee 51', 'Frankfurt', NULL, '60439', 'Germany', '(069) 992755', NULL, 'Plutzer (on the World Wide Web)#http://www.microsoft.com/accessdev/sampleapps/plutzer.htm#'),
    (13, 'Nord-Ost-Fisch Handelsgesellschaft mbH', 'Sven Petersen', 'Coordinator Foreign Markets', 'Frahmredder 112a', 'Cuxhaven', NULL, '27478', 'Germany', '(04721) 8713', '(04721) 8714', NULL),
    (14, 'Formaggi Fortini s.r.l.', 'Elio Rossi', 'Sales Representative', 'Viale Dante, 75', 'Ravenna', NULL, '48100', 'Italy', '(0544) 60323', '(0544) 60603', '#FORMAGGI.HTM#'),
    (15, 'Norske Meierier', 'Beate Vileid', 'Marketing Manager', 'Hatlevegen 5', 'Sandvika', NULL, '1320', 'Norway', '(0)2-953010', NULL, NULL),
    (16, 'Bigfoot Breweries', 'Cheryl Saylor', 'Regional Account Rep.', '3400 - 8th Avenue Suite 210', 'Bend', 'OR', '97101', 'USA', '(503) 555-9931', NULL, NULL),
    (17, 'Svensk Sjöföda AB', 'Michael Björn', 'Sales Representative', 'Brovallavägen 231', 'Stockholm', NULL, 'S-123 45', 'Sweden', '08-123 45 67', NULL, NULL),
    (18, 'Aux joyeux ecclésiastiques', 'Guylène Nodier', 'Sales Manager', '203, Rue des Francs-Bourgeois', 'Paris', NULL, '75004', 'France', '(1) 03.83.00.68', '(1) 03.83.00.62', NULL),
    (19, 'New England Seafood Cannery', 'Robb Merchant', 'Wholesale Account Agent', 'Order Processing Dept. 2100 Paul Revere Blvd.', 'Boston', 'MA', '02134', 'USA', '(617) 555-3267', '(617) 555-3389', NULL),
    (20, 'Leka Trading', 'Chandra Leka', 'Owner', '471 Serangoon Loop, Suite #402', 'Singapore', NULL, '0512', 'Singapore', '555-8787', NULL, NULL),
    (21, 'Lyngbysild', 'Niels Petersen', 'Sales Manager', 'Lyngbysild Fiskebakken 10', 'Lyngby', NULL, '2800', 'Denmark', '43844108', '43844115', NULL),
    (22, 'Zaanse Snoepfabriek', 'Dirk Luchte', 'Accounting Manager', 'Verkoop Rijnweg 22', 'Zaandam', NULL, '9999 ZZ', 'Netherlands', '(12345) 1212', '(12345) 1210', NULL),
    (23, 'Karkki Oy', 'Anne Heikkonen', 'Product Manager', 'Valtakatu 12', 'Lappeenranta', NULL, '53120', 'Finland', '(953) 10956', NULL, NULL),
    (24, 'G''day, Mate', 'Wendy Mackenzie', 'Sales Representative', '170 Prince Edward Parade Hunter''s Hill', 'Sydney', 'NSW', '2042', 'Australia', '(02) 555-5914', '(02) 555-4873', 'G''day Mate (on the World Wide Web)#http://www.microsoft.com/accessdev/sampleapps/gdaymate.htm#'),
    (25, 'Ma Maison', 'Jean-Guy Lauzon', 'Marketing Manager', '2960 Rue St. Laurent', 'Montréal', 'Québec', 'H1J 1C3', 'Canada', '(514) 555-9022', NULL, NULL),
    (26, 'Pasta Buttini s.r.l.', 'Giovanni Giudici', 'Order Administrator', 'Via dei Gelsomini, 153', 'Salerno', NULL, '84100', 'Italy', '(089) 6547665', '(089) 6547667', NULL),
    (27, 'Escargots Nouveaux', 'Marie Delamare', 'Sales Manager', '22, rue H. Voiron', 'Montceau', NULL, '71300', 'France', '85.57.00.07', NULL, NULL),
    (28, 'Gai pâturage', 'Eliane Noz', 'Sales Representative', 'Bat. B 3, rue des Alpes', 'Annecy', NULL, '74000', 'France', '38.76.98.06', '38.76.98.58', NULL),
    (29, 'Forêts d''érables', 'Chantal Goulet', 'Accounting Manager', '148 rue Chasseur', 'Ste-Hyacinthe', 'Québec', 'J2S 7S8', 'Canada', '(514) 555-2955', '(514) 555-2921', NULL);

-- Sample data for region
INSERT INTO northwind.region (region_id, region_description) VALUES
    (1, 'Eastern'),
    (2, 'Western'),
    (3, 'Northern'),
    (4, 'Southern');

-- Sample data for territories
INSERT INTO northwind.territories (territory_id, territory_description, region_id) VALUES
    ('01581', 'Westboro', 1),
    ('01730', 'Bedford', 1),
    ('01833', 'Georgetow', 1),
    ('02116', 'Boston', 1),
    ('02139', 'Cambridge', 1),
    ('02184', 'Braintree', 1),
    ('02903', 'Providence', 1),
    ('03049', 'Hollis', 3),
    ('03801', 'Portsmouth', 3),
    ('06897', 'Wilton', 1),
    ('07960', 'Morristown', 1),
    ('08837', 'Edison', 1),
    ('10019', 'New York', 1),
    ('10038', 'New York', 1),
    ('11747', 'Mellvile', 1),
    ('14450', 'Fairport', 1),
    ('19428', 'Philadelphia', 3),
    ('19713', 'Neward', 1),
    ('20852', 'Rockville', 1),
    ('27403', 'Greensboro', 1),
    ('27511', 'Cary', 1),
    ('29202', 'Columbia', 4),
    ('30346', 'Atlanta', 4),
    ('31406', 'Savannah', 4),
    ('32859', 'Orlando', 4),
    ('33607', 'Tampa', 4),
    ('40222', 'Louisville', 1),
    ('44122', 'Beachwood', 3),
    ('45839', 'Findlay', 3),
    ('48075', 'Southfield', 3),
    ('48084', 'Troy', 3),
    ('48304', 'Bloomfield Hills', 3),
    ('53404', 'Racine', 3),
    ('55113', 'Roseville', 3),
    ('55439', 'Minneapolis', 3),
    ('60179', 'Hoffman Estates', 2),
    ('60601', 'Chicago', 2),
    ('72716', 'Bentonville', 4),
    ('75234', 'Dallas', 4),
    ('78759', 'Austin', 4),
    ('80202', 'Denver', 2),
    ('80909', 'Colorado Springs', 2),
    ('85014', 'Phoenix', 2),
    ('85251', 'Scottsdale', 2),
    ('90405', 'Santa Monica', 2),
    ('94025', 'Menlo Park', 2),
    ('94105', 'San Francisco', 2),
    ('95008', 'Campbell', 2),
    ('95054', 'Santa Clara', 2),
    ('95060', 'Santa Cruz', 2),
    ('98004', 'Bellevue', 2),
    ('98052', 'Redmond', 2),
    ('98104', 'Seattle', 2);

-- Sample data for employee_territories
INSERT INTO northwind.employee_territories (employee_id, territory_id) VALUES
    (1, '06897'),
    (1, '19713'),
    (2, '01581'),
    (2, '01730'),
    (2, '01833'),
    (2, '02116'),
    (2, '02139'),
    (2, '02184'),
    (2, '40222'),
    (3, '30346'),
    (3, '31406'),
    (3, '32859'),
    (3, '33607'),
    (4, '20852'),
    (4, '27403'),
    (4, '27511'),
    (5, '02903'),
    (5, '07960'),
    (5, '08837'),
    (5, '10019'),
    (5, '10038'),
    (5, '11747'),
    (5, '14450'),
    (6, '85014'),
    (6, '85251'),
    (6, '98004'),
    (6, '98052'),
    (6, '98104'),
    (7, '60179'),
    (7, '60601'),
    (7, '80202'),
    (7, '80909'),
    (7, '90405'),
    (7, '94025'),
    (7, '94105'),
    (7, '95008'),
    (7, '95054'),
    (7, '95060'),
    (8, '19428'),
    (8, '44122'),
    (8, '45839'),
    (8, '53404'),
    (9, '03049'),
    (9, '03801'),
    (9, '48075'),
    (9, '48084'),
    (9, '48304'),
    (9, '55113'),
    (9, '55439');

-- Sample data for shippers
INSERT INTO northwind.shippers (shipper_id, company_name, phone) VALUES
    (1, 'Speedy Express', '(503) 555-9831'),
    (2, 'United Package', '(503) 555-3199'),
    (3, 'Federal Shipping', '(503) 555-9931');

-- Sample data for orders (first 13 orders)
INSERT INTO northwind.orders (order_id, customer_id, employee_id, order_date, required_date, shipped_date, ship_via, freight, ship_name, ship_address, ship_city, ship_region, ship_postal_code, ship_country) VALUES
    (10248, 'VINET', 5, '1996-07-04', '1996-08-01', '1996-07-16', 3, 32.38, 'Vins et alcools Chevalier', '59 rue de l''Abbaye', 'Reims', NULL, '51100', 'France'),
    (10249, 'TOMSP', 6, '1996-07-05', '1996-08-16', '1996-07-10', 1, 11.61, 'Toms Spezialitäten', 'Luisenstr. 48', 'Münster', NULL, '44087', 'Germany'),
    (10250, 'HANAR', 4, '1996-07-08', '1996-08-05', '1996-07-12', 2, 65.83, 'Hanari Carnes', 'Rua do Paço, 67', 'Rio de Janeiro', 'RJ', '05454-876', 'Brazil'),
    (10251, 'VICTE', 3, '1996-07-08', '1996-08-05', '1996-07-15', 1, 41.34, 'Victuailles en stock', '2, rue du Commerce', 'Lyon', NULL, '69004', 'France'),
    (10252, 'SUPRD', 4, '1996-07-09', '1996-08-06', '1996-07-11', 2, 51.30, 'Suprêmes délices', 'Boulevard Tirou, 255', 'Charleroi', NULL, 'B-6000', 'Belgium'),
    (10253, 'HANAR', 3, '1996-07-10', '1996-07-24', '1996-07-16', 2, 58.17, 'Hanari Carnes', 'Rua do Paço, 67', 'Rio de Janeiro', 'RJ', '05454-876', 'Brazil'),
    (10254, 'CHOPS', 5, '1996-07-11', '1996-08-08', '1996-07-23', 2, 22.98, 'Chop-suey Chinese', 'Hauptstr. 31', 'Bern', NULL, '3012', 'Switzerland'),
    (10255, 'RICSU', 9, '1996-07-12', '1996-08-09', '1996-07-15', 3, 148.33, 'Richter Supermarkt', 'Starenweg 5', 'Genève', NULL, '1204', 'Switzerland'),
    (10256, 'WELLI', 3, '1996-07-15', '1996-08-12', '1996-07-17', 2, 13.97, 'Wellington Importadora', 'Rua do Mercado, 12', 'Resende', 'SP', '08737-363', 'Brazil'),
    (10257, 'HILAA', 4, '1996-07-16', '1996-08-13', '1996-07-22', 3, 81.91, 'HILARION-Abastos', 'Carrera 22 con Ave. Carlos Soublette #8-35', 'San Cristóbal', 'Táchira', '5022', 'Venezuela'),
    (10258, 'ERNSH', 1, '1996-07-17', '1996-08-14', '1996-07-23', 1, 140.51, 'Ernst Handel', 'Kirchgasse 6', 'Graz', NULL, '8010', 'Austria'),
    (10259, 'CENTC', 4, '1996-07-18', '1996-08-15', '1996-07-25', 3, 3.25, 'Centro comercial Moctezuma', 'Sierras de Granada 9993', 'México D.F.', NULL, '05022', 'Mexico'),
    (10260, 'OTTIK', 4, '1996-07-19', '1996-08-16', '1996-07-29', 1, 55.09, 'Ottilies Käseladen', 'Mehrheimerstr. 369', 'Köln', NULL, '50739', 'Germany');

-- Sample data for order_details (details for the above orders)
-- INSERT INTO northwind.order_details (order_id, product_id, unit_price, quantity, discount) VALUES
--     (10248, 11, 14.0, 12, 0.0),
--     (10248, 42, 9.8, 10, 0.0),
--     (10248, 72, 34.8, 5, 0.0),
--     (10249, 14, 18.6, 9, 0.0),
--     (10249, 51, 42.4, 40, 0.0),
--     (10250, 41, 7.7, 10, 0.0),
--     (10250, 51, 42.4, 35, 0.15),
--     (10250, 65, 16.8, 15, 0.15),
--     (10251, 22, 16.8, 6, 0.05),
--     (10251, 57, 15.6, 15, 0.05),
--     (10251, 65, 16.8, 20, 0.0),
--     (10252, 20, 64.8, 40, 0.05),
--     (10252, 33, 2.0, 25, 0.05),
--     (10252, 60, 27.2, 40, 0.0),
--     (10253, 31, 10.0, 20, 0.0),
--     (10253, 39, 14.4, 42, 0.0),
--     (10253, 49, 16.0, 40, 0.0),
--     (10254, 24, 3.6, 15, 0.15),
--     (10254, 55, 19.2, 21, 0.15),
--     (10254, 74, 8.0, 21, 0.0),
--     (10255, 2, 15.2, 20, 0.0),
--     (10255, 16, 13.9, 35, 0.0),
--     (10255, 36, 15.2, 25, 0.0),
--     (10255, 59, 44.0, 30, 0.0),
--     (10256, 53, 26.2, 15, 0.0),
--     (10256, 77, 10.4, 12, 0.0),
--     (10257, 27, 35.1, 25, 0.0),
--     (10257, 39, 14.4, 6, 0.0),
--     (10257, 77, 10.4, 15, 0.0),
--     (10258, 2, 15.2, 50, 0.2),
--     (10258, 5, 17.0, 65, 0.2),
--     (10258, 32, 25.6, 6, 0.2),
--     (10259, 21, 8.0, 10, 0.0),
--     (10259, 37, 20.8, 1, 0.0),
--     (10260, 41, 7.7, 16, 0.25),
--     (10260, 57, 15.6, 50, 0.0),
--     (10260, 62, 39.4, 15, 0.25),
--     (10260, 70, 12.0, 21, 0.25);
